WellID,BarcodeSequence
A1,CGTCTAAT
A2,AGACTCGT
A3,GCACGTCA
A4,TCAACGAC
A5,ATTTAGCG
A6,ATACAGAC
A7,TGCGTAGG
A8,TGGAGCTC
A9,TGAATACC
A10,TCTCACAC
A11,TACTGGTA
A12,ACGATAGG
B1,GATGTCGA
B2,TTACGGGT
B3,GAATGAGT
B4,CTTTGACA
B5,AGAGATCT
B6,GAGTCCTG
B7,CACACTGA
B8,GTTACAGG
B9,GGACCTTT
B10,TAGACTAT
B11,ACTGTTTG
B12,AAGTGGCT
C1,TGCTCTCA
C2,CGGCGTGG
C3,GTGCATGA
C4,GTCATTAG
C5,AGCTCCTT
C6,TCACCCGA
C7,GTTGCCAC
C8,CTAATGCG
C9,AACGAGGT
C10,AGCCACCA
C11,TAGTGAAC
C12,CCAGTCCA
D1,ACCTCAGC
D2,GGTGGACT
D3,CCGGCGTC
D4,TAACTCCG
D5,ACACCGTG
D6,GTAGAACG
D7,GGATTGAC
D8,ACGTATCC
D9,TTCGGAAA
D10,AGTTGTGT
D11,AAGCACAT
D12,CTGTCATT
E1,AACATTCT
E2,CTACGCTG
E3,GGGATTGT
E4,TGATGTAG
E5,TTCGCTGT
E6,GAAGACTT
E7,TCTGGGCA
E8,TCGCTACA
E9,GTGTTAGC
E10,ATGCGACG
E11,GAGGGTAG
E12,CGGGTGAA
F1,GCCATCTT
F2,TGCGACAT
F3,TCTATGGT
F4,AGGACTTA
F5,CCGCTCAG
F6,ACTAGCGA
F7,GTAACTCC
F8,CGGAAGTG
F9,CCGAGTAC
F10,GATCTGAG
F11,ACCTGGAG
F12,CATGGGTT
G1,ATTCCTAG
G2,TCGAACCG
G3,TCCACACT
G4,AGGTAAAG
G5,TAGGCGCG
G6,ACAGGCAT
G7,TTTGTGTC
G8,TGAGCATA
G9,TTAGACGC
G10,CGCTTGCT
G11,ATTGGAGC
G12,CATAGTCG
H1,TCTTGCTG
H2,GGGACAAC
H3,ATATTCCC
H4,TGTTAAGC
H5,TACGCCTC
H6,CACTTATC
H7,ACCGCTAA
H8,TAAGGTCC
H9,GAAAGGTG
H10,ACGTTGTA
H11,GTCTGCCG
H12,GCATTTGG
